{"Metadata":{"DateCreated":"Tue Apr 24 15:32:00 2012","Tool":"manual","Author":"clorton","IdReference":"legacy","NodeCount":4},"Defaults":{"ab":{"ai":2000,"ah":0}},"NodeOffsets":"000007B0000000FE000007B200000155000007CB000001AF000007D000000208","Nodes":[{"aa":1968,"ab":{"ac":"Radford, VA","ad":37.131796,"ae":-80.576449,"af":1,"ag":15859}},{"aa":1970,"ab":{"ac":"Milwaukee, WI","ad":43.038812,"ae":-87.906824,"af":1,"ag":596974}},{"aa":1995,"ab":{"ac":"Knoxville, TN","ad":35.96064,"ae":-83.920735,"af":1,"ag":173890}},{"aa":2000,"ab":{"ac":"San Diego, CA","ad":32.715241,"ae":-117.156228,"af":1,"ah":1,"ag":1223400}}]}