{
    "RARE_EVENT" : {
        "EXPRESSION" : {
            "LOCALE" : "global",
            "NAME" : "reExpression"
        },
        "IRE_COUNT" : 2,
        "THRESHOLDS" :
            [ 23, 30 ]
    },
    "LOCALES" : [
        {
            "NAME" : "global",
            "REACTION_COUNT" : 2,
            "REACTIONS" : [
                {
                "NAME" : "interconvert1",
                "RARE_EVENT_INFO" : [
                        {
                             "BIN_COUNT" : 13,
                             "GAMMAS" : [1.99387217177595, 1.51858928919437, 1.25061827530365, 1.14524850981594, 1.0907834384794, 1.046559968163, 1.04584603481576, 1.03152000188019, 1.01444078516935, 1.01328648460639, 1.00193726814577, 0.8997035086695, 1.60053570348367 ],
                             "CUTOFF" : [0.337700134527772, 0.388646278025636, 0.4395924215235, 0.490538565021363, 0.541484708519227, 0.592430852017091, 0.643376995514954, 0.694323139012818, 0.745269282510682, 0.796215426008545, 0.898107713004273, 0.949053856502136 ]
                        },
                        {
                             "BIN_COUNT" : 13,
                             "GAMMAS" : [2.46453407433306, 1.54046617174461, 1.24660038471138, 1.15066844877132, 1.09569096511342, 1.05859346889051, 1.04544868585092, 1.03494639202894, 1.02370185135911, 0.99330949325619, 0.964177397432262, 0.95707374897634, 2.35411975604274 ],
                             "CUTOFF" : [0.337700134527772, 0.388646278025636, 0.4395924215235, 0.490538565021363, 0.541484708519227, 0.592430852017091, 0.643376995514954, 0.694323139012818, 0.745269282510682, 0.796215426008545, 0.898107713004273, 0.949053856502136 ]
                        }
                    ]
                },
                {
                "NAME" : "interconvert2",
                "RARE_EVENT_INFO" : [
                        {
                             "BIN_COUNT" : 14,
                             "GAMMAS" : [0.825641365760204, 0.977281378648776, 0.988318962706623, 0.957782259743705, 0.971321010752942, 0.969252266665436, 0.965571142211007, 0.953401752573536, 0.938591824877196, 0.897853295852385, 0.856331075526694, 0.763016966994528, 0.602328227976684, 0.479062553588998 ],
                             "CUTOFF" : [0.123991842069282, 0.170343933275611, 0.216696024481939, 0.263048115688268, 0.309400206894597, 0.355752298100925, 0.402104389307254, 0.448456480513583, 0.494808571719912, 0.54116066292624, 0.587512754132569, 0.633864845338898, 0.680216936545227 ]
                        },
                        {
                             "BIN_COUNT" : 14,
                             "GAMMAS" : [0.96253072437783, 0.940635676521314, 0.962572241383929, 0.962709630807774, 0.967895035147262, 0.9613308663947, 0.955194451844534, 0.947069692226939, 0.93208681030842, 0.907275461650708, 0.852757037787625, 0.757443246180564, 0.606726558961496, 0.406069412597691 ],
                             "CUTOFF" : [0.123991842069282, 0.170343933275611, 0.216696024481939, 0.263048115688268, 0.309400206894597, 0.355752298100925, 0.402104389307254, 0.448456480513583, 0.494808571719912, 0.54116066292624, 0.587512754132569, 0.633864845338898, 0.680216936545227 ]
                        }
                    ]
                }
            ]
        }
    ]
}
