{
    "RARE_EVENT" : {
        "EXPRESSION" : {
            "LOCALE" : "global",
            "NAME" : "reExpression"
        },
        "IRE_COUNT" : 2,
        "THRESHOLDS" :
            [ 23, 30 ]
    },
    "LOCALES" : [
        {
            "NAME" : "global",
            "REACTION_COUNT" : 2,
            "REACTIONS" : [
                {
                "NAME" : "interconvert1",
                "RARE_EVENT_INFO" : [
                        {
                             "BIN_COUNT" : 13,
                             "GAMMAS" : [2.06313742606519, 1.62752608139573, 1.28524659899656, 1.15517780025457, 1.08968524294438, 1.0597861285148, 1.05213056082493, 1.04916675907724, 1.00586093386706, 1.01144452928748, 1.02083317777346, 1.01513053565442, 1.02988441360663 ],
                             "CUTOFF" : [0.3301350302365, 0.381663104833693, 0.433191179430885, 0.484719254028077, 0.53624732862527, 0.587775403222462, 0.639303477819654, 0.690831552416846, 0.742359627014039, 0.845415776208423, 0.896943850805615, 0.948471925402808 ]
                        },
                        {
                             "BIN_COUNT" : 13,
                             "GAMMAS" : [2.476968001615, 1.64117464971143, 1.30252163933866, 1.16127755928718, 1.10320326699327, 1.06106835822293, 1.04512721554582, 1.03240567633747, 1.01985869635349, 1.01823044314009, 1.02103023510684, 1.01935203218744, 1.01472718645925 ],
                             "CUTOFF" : [0.3301350302365, 0.381663104833693, 0.433191179430885, 0.484719254028077, 0.53624732862527, 0.587775403222462, 0.639303477819654, 0.690831552416846, 0.742359627014039, 0.845415776208423, 0.896943850805615, 0.948471925402808 ]
                        }
                    ]
                },
                {
                "NAME" : "interconvert2",
                "RARE_EVENT_INFO" : [
                        {
                             "BIN_COUNT" : 14,
                             "GAMMAS" : [0.988504170471064, 0.917309756657961, 1.03395184011107, 0.975731835263174, 1.00611856107535, 0.984970326735658, 0.947267381249266, 0.966147636998188, 0.935307504008355, 0.910799215582815, 0.868038936485444, 0.774480073245523, 0.613574832946266, 0.49971383044948 ],
                             "CUTOFF" : [0.123991842069282, 0.170343933275611, 0.216696024481939, 0.263048115688268, 0.309400206894597, 0.355752298100925, 0.402104389307254, 0.448456480513583, 0.494808571719912, 0.54116066292624, 0.587512754132569, 0.633864845338898, 0.680216936545227 ]
                        },
                        {
                             "BIN_COUNT" : 14,
                             "GAMMAS" : [0.98423158970711, 1.01498329340952, 0.990253088665499, 0.975106365160516, 0.986861478077715, 0.978625997732093, 0.962392697806862, 0.949116411528197, 0.936334221304811, 0.909940261969898, 0.85882305727793, 0.76550824189768, 0.611330117387254, 0.413838468692494 ],
                             "CUTOFF" : [0.123991842069282, 0.170343933275611, 0.216696024481939, 0.263048115688268, 0.309400206894597, 0.355752298100925, 0.402104389307254, 0.448456480513583, 0.494808571719912, 0.54116066292624, 0.587512754132569, 0.633864845338898, 0.680216936545227 ]
                        }
                    ]
                }
            ]
        }
    ]
}
